score,value
silhouette score,0.455981479442476
sum of squares within,54223.128842340986
