score,value
silhouette score,0.4421833864560286
sum of squares within,54218.81731512352
