score,value
silhouette score,0.4900604003417386
sum of squares within,60260.532284510475
