score,value
silhouette score,0.3960422040242666
sum of squares within,172650.6015814335
