score,value
silhouette score,0.44882702082092385
sum of squares within,54645.9194808762
