score,value
silhouette score,0.43703984664221723
sum of squares within,52867.32428750865
