score,value
silhouette score,0.4474710629700803
sum of squares within,54249.14337956657
