score,value
silhouette score,0.24064095416799533
sum of squares within,221656.80552981264
