score,value
silhouette score,0.39405407826141853
sum of squares within,172225.2740568171
