score,value
silhouette score,0.4864480085314137
sum of squares within,61478.45287712765
