score,value
silhouette score,0.4435831352727804
sum of squares within,53975.8972524759
