score,value
silhouette score,0.41349647423517527
sum of squares within,57265.35144948859
