score,value
silhouette score,0.3575240744605363
sum of squares within,184004.78604908678
