score,value
silhouette score,0.2507841287916548
sum of squares within,85585.46183653032
