score,value
silhouette score,0.3970860467144797
sum of squares within,173276.56579714792
