score,value
silhouette score,0.4924011740603381
sum of squares within,59315.83188942161
