score,value
silhouette score,0.4443827781051932
sum of squares within,53832.84845257972
