score,value
silhouette score,0.45459697307874286
sum of squares within,54505.61603960188
