score,value
silhouette score,0.4503206025389387
sum of squares within,54212.50294773258
