score,value
silhouette score,0.45047744609612467
sum of squares within,53920.99528226718
