score,value
silhouette score,0.4365472653294727
sum of squares within,53584.96380217792
