score,value
silhouette score,0.43805929105768365
sum of squares within,53273.83337174615
