score,value
silhouette score,0.4479138749055952
sum of squares within,54051.81193752402
