score,value
silhouette score,0.4443541291738022
sum of squares within,54003.80176181082
