score,value
silhouette score,0.4001594187897019
sum of squares within,172225.27405681708
