score,value
silhouette score,0.4443219658891517
sum of squares within,54666.822797546745
