score,value
silhouette score,0.4525345999746277
sum of squares within,54505.226508773136
