score,value
silhouette score,0.44761318172258424
sum of squares within,53697.691052531736
