score,value
silhouette score,0.4588855551938769
sum of squares within,54065.197337301805
