score,value
silhouette score,0.33926859153536754
sum of squares within,190940.974890302
