score,value
silhouette score,0.28684311526627476
sum of squares within,47500.04088777409
