score,value
silhouette score,0.4546643553755621
sum of squares within,54501.90459434568
