score,value
silhouette score,0.44091754939174355
sum of squares within,53732.58265896901
