score,value
silhouette score,0.443559385349277
sum of squares within,54325.74808045213
