score,value
silhouette score,0.20263273227254894
sum of squares within,161877.03724480572
