score,value
silhouette score,0.4035838780054569
sum of squares within,112538.82766359515
