score,value
silhouette score,0.2834826208200482
sum of squares within,49310.03492075456
