score,value
silhouette score,0.44507703929462195
sum of squares within,54047.707049694385
