score,value
silhouette score,0.37639788989404055
sum of squares within,60614.586790774694
