score,value
silhouette score,0.2840644484044562
sum of squares within,46076.83161693242
