score,value
silhouette score,0.48369703727035984
sum of squares within,61069.47095892694
