score,value
silhouette score,0.2817168495666649
sum of squares within,77133.1966537317
