,score,value
0,silhouette score,0.4546643553755621
1,sum of squares within,54501.90459434568
