score,value
silhouette score,0.43450984287811223
sum of squares within,53193.99949601862
