score,value
silhouette score,0.4469581418516158
sum of squares within,54100.32174737312
