score,value
silhouette score,0.4284668213460229
sum of squares within,54105.29125503007
