score,value
silhouette score,0.4546737886204654
sum of squares within,54595.20537188672
