score,value
silhouette score,0.41749750850201434
sum of squares within,57148.46991684905
