score,value
silhouette score,0.44720033091879374
sum of squares within,54130.129019968976
