score,value
silhouette score,0.44550570659681404
sum of squares within,54227.6516660884
