score,value
silhouette score,0.4511045472232619
sum of squares within,52976.339639589925
