score,value
silhouette score,0.23421572356444495
sum of squares within,42329.98930359461
