score,value
silhouette score,0.14635750489454039
sum of squares within,188756.9373267335
