score,value
silhouette score,0.39599386067293446
sum of squares within,172652.76610471884
