score,value
silhouette score,0.43774965255274756
sum of squares within,54109.35393506749
