score,value
silhouette score,0.4488085144592038
sum of squares within,53946.718964435604
