score,value
silhouette score,0.32244989821483494
sum of squares within,132688.2332431213
