score,value
silhouette score,0.4520043228107296
sum of squares within,54481.33420048317
