score,value
silhouette score,0.28864067149978817
sum of squares within,39824.53857847537
