score,value
silhouette score,0.32977046378417807
sum of squares within,40203.628689979
