score,value
silhouette score,0.4456713596124742
sum of squares within,54307.199992018366
