score,value
silhouette score,0.4969002754066122
sum of squares within,59765.39755629383
