score,value
silhouette score,0.4416669825262582
sum of squares within,53058.27015430952
