score,value
silhouette score,0.33802977222494535
sum of squares within,47630.769695462375
