score,value
silhouette score,0.4496419800389448
sum of squares within,52949.93784722005
