score,value
silhouette score,0.26423769791506657
sum of squares within,42620.00129559343
