score,value
silhouette score,0.4584768405613011
sum of squares within,54497.21279279559
