score,value
silhouette score,0.4977064856343738
sum of squares within,59832.95775894101
