score,value
silhouette score,0.3978020484504618
sum of squares within,172225.27405681708
