score,value
silhouette score,0.4432297475261379
sum of squares within,54246.04831080057
