score,value
silhouette score,0.4336704478960507
sum of squares within,54500.93787984007
