score,value
silhouette score,0.31686634859333374
sum of squares within,37155.44453282076
