score,value
silhouette score,0.2893448144411855
sum of squares within,141640.96503206933
