score,value
silhouette score,0.28337825859496185
sum of squares within,59910.47747052666
